{"generate_primes_1024": {"total": 2516593725, "count": 14, "average": 179756694.64285713}, "generate_primes_2048": {"total": 24186696353, "count": 14, "average": 1727621168.0714285}, "generate_primes_3072": {"total": 201207452066, "count": 14, "average": 14371960861.857143}, "generate_primes_4096": {"total": 191310774692, "count": 10, "average": 19131077469.2}, "generate_primes_7": {"total": 56222, "count": 4, "average": 14055.5}, "generate_primes_16": {"total": 185079, "count": 4, "average": 46269.75}, "generate_primes_36": {"total": 726837, "count": 4, "average": 181709.25}, "generate_primes_64": {"total": 633880, "count": 4, "average": 158470.0}}