{"generate_primes_1024": {"total": 2640953735, "count": 15, "average": 176063582.33333334}, "generate_primes_2048": {"total": 26359465309, "count": 15, "average": 1757297687.2666667}, "generate_primes_3072": {"total": 207882724202, "count": 15, "average": 13858848280.133333}, "generate_primes_4096": {"total": 191310774692, "count": 10, "average": 19131077469.2}, "generate_primes_7": {"total": 85067, "count": 5, "average": 17013.4}, "generate_primes_16": {"total": 233339, "count": 5, "average": 46667.8}, "generate_primes_36": {"total": 834742, "count": 5, "average": 166948.4}, "generate_primes_64": {"total": 914921, "count": 5, "average": 182984.2}}